Datetime,Water Level (m)
2025-08-18 18:00:00,-0.0024673953
2025-08-18 19:00:00,-0.0027169625
2025-08-18 20:00:00,-0.0030938438
2025-08-18 21:00:00,-0.0030907097
2025-08-18 22:00:00,-0.003093986
2025-08-18 23:00:00,-0.0029098794
2025-08-19 00:00:00,-0.0031167974
2025-08-19 01:00:00,-0.0033586351
2025-08-19 02:00:00,-0.004241486
2025-08-19 03:00:00,-0.0050147213
2025-08-19 04:00:00,-0.0051806695
2025-08-19 05:00:00,-0.005584128
2025-08-19 06:00:00,0.014289113
2025-08-19 07:00:00,0.019038681
2025-08-19 08:00:00,0.034008797
2025-08-19 09:00:00,0.056807537
2025-08-19 10:00:00,0.054006472
2025-08-19 11:00:00,0.07372273
2025-08-19 12:00:00,0.14798723
2025-08-19 13:00:00,0.13964817
2025-08-19 14:00:00,0.15829605
2025-08-19 15:00:00,0.17404889
2025-08-19 16:00:00,0.18868789
2025-08-19 17:00:00,0.20261072
2025-08-19 18:00:00,0.21595445
2025-08-19 19:00:00,0.22921786
2025-08-19 20:00:00,0.24283461
2025-08-19 21:00:00,0.25726804
2025-08-19 22:00:00,0.27244416
2025-08-19 23:00:00,0.2880137
2025-08-20 00:00:00,0.3036389
2025-08-20 01:00:00,0.31943616
2025-08-20 02:00:00,0.33569285
2025-08-20 03:00:00,0.3519844
2025-08-20 04:00:00,0.36801565
2025-08-20 05:00:00,0.38346642
2025-08-20 06:00:00,0.3995352
2025-08-20 07:00:00,0.41602144
2025-08-20 08:00:00,0.43334422
2025-08-20 09:00:00,0.4501146
2025-08-20 10:00:00,0.46806338
2025-08-20 11:00:00,0.48708764
2025-08-20 12:00:00,0.5073455
2025-08-20 13:00:00,0.5280948
2025-08-20 14:00:00,0.54906
2025-08-20 15:00:00,0.57002455
2025-08-20 16:00:00,0.59060585
2025-08-20 17:00:00,0.6106518
2025-08-20 18:00:00,0.63021207
2025-08-20 19:00:00,0.64936745
2025-08-20 20:00:00,0.6686714
2025-08-20 21:00:00,0.70102984
2025-08-20 22:00:00,0.7483553
2025-08-20 23:00:00,0.796914
2025-08-21 00:00:00,0.84582067
2025-08-21 01:00:00,0.94029915
2025-08-21 02:00:00,1.0187826
2025-08-21 03:00:00,1.0887367
2025-08-21 04:00:00,1.1507486
2025-08-21 05:00:00,1.2062199
2025-08-21 06:00:00,1.2562307
2025-08-21 07:00:00,1.3021547
2025-08-21 08:00:00,1.3460371
2025-08-21 09:00:00,1.3885447
2025-08-21 10:00:00,1.4304954
2025-08-21 11:00:00,1.4716554
2025-08-21 12:00:00,1.5119951
2025-08-21 13:00:00,1.5513257
2025-08-21 14:00:00,1.589116
2025-08-21 15:00:00,1.6257097
2025-08-21 16:00:00,1.6606586
2025-08-21 17:00:00,1.6938115
2025-08-21 18:00:00,1.7251124
2025-08-21 19:00:00,1.7549556
2025-08-21 20:00:00,1.783789
2025-08-21 21:00:00,1.8124638
2025-08-21 22:00:00,1.8415045
2025-08-21 23:00:00,1.8709401
2025-08-22 00:00:00,1.9004887
2025-08-22 01:00:00,1.9296124
2025-08-22 02:00:00,1.9580209
2025-08-22 03:00:00,1.9848738
2025-08-22 04:00:00,2.0103326
2025-08-22 05:00:00,2.0339894
2025-08-22 06:00:00,2.056052
2025-08-22 07:00:00,2.076899
2025-08-22 08:00:00,2.0973866
2025-08-22 09:00:00,2.1187406
2025-08-22 10:00:00,2.1414564
2025-08-22 11:00:00,2.1651325
2025-08-22 12:00:00,2.198439
2025-08-22 13:00:00,2.2540636
2025-08-22 14:00:00,2.3084767
2025-08-22 15:00:00,2.3658834
2025-08-22 16:00:00,2.4215121
2025-08-22 17:00:00,2.4609985
2025-08-22 18:00:00,2.4922066
2025-08-22 19:00:00,2.519142
2025-08-22 20:00:00,2.543269
2025-08-22 21:00:00,2.5659013
2025-08-22 22:00:00,2.588097
2025-08-22 23:00:00,2.6102288
2025-08-23 00:00:00,2.6325135
2025-08-23 01:00:00,2.6545465
2025-08-23 02:00:00,2.6758287
2025-08-23 03:00:00,2.6960099
2025-08-23 04:00:00,2.7152388
2025-08-23 05:00:00,2.7333376
2025-08-23 06:00:00,2.7502635
2025-08-23 07:00:00,2.7659373
2025-08-23 08:00:00,2.7805605
2025-08-23 09:00:00,2.7951684
2025-08-23 10:00:00,2.8104653
2025-08-23 11:00:00,2.826562
2025-08-23 12:00:00,2.8431635
2025-08-23 13:00:00,2.860402
2025-08-23 14:00:00,2.877572
2025-08-23 15:00:00,2.8940394
2025-08-23 16:00:00,2.9098117
2025-08-23 17:00:00,2.9245694
2025-08-23 18:00:00,2.9385388
2025-08-23 19:00:00,2.9515297
2025-08-23 20:00:00,2.963522
2025-08-23 21:00:00,2.974869
2025-08-23 22:00:00,2.973534
2025-08-23 23:00:00,2.9694781
2025-08-24 00:00:00,2.9686453
2025-08-24 01:00:00,2.969522
2025-08-24 02:00:00,2.9716887
2025-08-24 03:00:00,2.974576
2025-08-24 04:00:00,2.977883
2025-08-24 05:00:00,2.981069
2025-08-24 06:00:00,2.9841173
2025-08-24 07:00:00,2.9870152
2025-08-24 08:00:00,2.9896781
2025-08-24 09:00:00,2.9921968
2025-08-24 10:00:00,2.995642
2025-08-24 11:00:00,3.0004685
2025-08-24 12:00:00,3.005846
2025-08-24 13:00:00,3.0129507
2025-08-24 14:00:00,3.0205905
2025-08-24 15:00:00,3.0281718
2025-08-24 16:00:00,3.035476
2025-08-24 17:00:00,3.0422406
2025-08-24 18:00:00,3.048248
